pair_name,frame,path_a,path_b,num_points,chamfer_squared
eat_eat__eat,0,output_videos/rdmeshdit/f/rdmesh/meshes/eat_eat.fbx,test_data/meshes/eat.fbx,10000,0.011670980533711559
eat_eat__eat,1,output_videos/rdmeshdit/f/rdmesh/meshes/eat_eat.fbx,test_data/meshes/eat.fbx,10000,0.012879071278307935
eat_eat__eat,2,output_videos/rdmeshdit/f/rdmesh/meshes/eat_eat.fbx,test_data/meshes/eat.fbx,10000,0.014049112676645137
eat_eat__eat,3,output_videos/rdmeshdit/f/rdmesh/meshes/eat_eat.fbx,test_data/meshes/eat.fbx,10000,0.01594307540849539
eat_eat__eat,4,output_videos/rdmeshdit/f/rdmesh/meshes/eat_eat.fbx,test_data/meshes/eat.fbx,10000,0.017488960734768785
eat_eat__eat,5,output_videos/rdmeshdit/f/rdmesh/meshes/eat_eat.fbx,test_data/meshes/eat.fbx,10000,0.01963273832784284
eat_eat__eat,6,output_videos/rdmeshdit/f/rdmesh/meshes/eat_eat.fbx,test_data/meshes/eat.fbx,10000,0.020770767990743462
eat_eat__eat,7,output_videos/rdmeshdit/f/rdmesh/meshes/eat_eat.fbx,test_data/meshes/eat.fbx,10000,0.02196716849576913
eat_eat__eat,8,output_videos/rdmeshdit/f/rdmesh/meshes/eat_eat.fbx,test_data/meshes/eat.fbx,10000,0.021935178519585846
eat_eat__eat,9,output_videos/rdmeshdit/f/rdmesh/meshes/eat_eat.fbx,test_data/meshes/eat.fbx,10000,0.023029387441166387
eat_eat__eat,10,output_videos/rdmeshdit/f/rdmesh/meshes/eat_eat.fbx,test_data/meshes/eat.fbx,10000,0.023545690907139295
eat_eat__eat,11,output_videos/rdmeshdit/f/rdmesh/meshes/eat_eat.fbx,test_data/meshes/eat.fbx,10000,0.023312143422063693
eat_eat__eat,12,output_videos/rdmeshdit/f/rdmesh/meshes/eat_eat.fbx,test_data/meshes/eat.fbx,10000,0.023136044066353063
eat_eat__eat,13,output_videos/rdmeshdit/f/rdmesh/meshes/eat_eat.fbx,test_data/meshes/eat.fbx,10000,0.022863320376312585
eat_eat__eat,14,output_videos/rdmeshdit/f/rdmesh/meshes/eat_eat.fbx,test_data/meshes/eat.fbx,10000,0.022257420052329974
eat_eat__eat,15,output_videos/rdmeshdit/f/rdmesh/meshes/eat_eat.fbx,test_data/meshes/eat.fbx,10000,0.021858699178549018
eat_eat__eat,16,output_videos/rdmeshdit/f/rdmesh/meshes/eat_eat.fbx,test_data/meshes/eat.fbx,10000,0.021398027096936247
eat_eat__eat,17,output_videos/rdmeshdit/f/rdmesh/meshes/eat_eat.fbx,test_data/meshes/eat.fbx,10000,0.02019514815905071
eat_eat__eat,18,output_videos/rdmeshdit/f/rdmesh/meshes/eat_eat.fbx,test_data/meshes/eat.fbx,10000,0.019356859034050898
eat_eat__eat,19,output_videos/rdmeshdit/f/rdmesh/meshes/eat_eat.fbx,test_data/meshes/eat.fbx,10000,0.018518907728079743
eat_eat__eat,20,output_videos/rdmeshdit/f/rdmesh/meshes/eat_eat.fbx,test_data/meshes/eat.fbx,10000,0.017366626671120135
eat_eat__eat,21,output_videos/rdmeshdit/f/rdmesh/meshes/eat_eat.fbx,test_data/meshes/eat.fbx,10000,0.016199296014822232
eat_eat__eat,22,output_videos/rdmeshdit/f/rdmesh/meshes/eat_eat.fbx,test_data/meshes/eat.fbx,10000,0.015358580708245235
eat_eat__eat,23,output_videos/rdmeshdit/f/rdmesh/meshes/eat_eat.fbx,test_data/meshes/eat.fbx,10000,0.014647114695510036
eat_eat__eat,24,output_videos/rdmeshdit/f/rdmesh/meshes/eat_eat.fbx,test_data/meshes/eat.fbx,10000,0.013904722485966744
eat_eat__eat,25,output_videos/rdmeshdit/f/rdmesh/meshes/eat_eat.fbx,test_data/meshes/eat.fbx,10000,0.013483212421937998
eat_eat__eat,26,output_videos/rdmeshdit/f/rdmesh/meshes/eat_eat.fbx,test_data/meshes/eat.fbx,10000,0.013127513507421404
eat_eat__eat,27,output_videos/rdmeshdit/f/rdmesh/meshes/eat_eat.fbx,test_data/meshes/eat.fbx,10000,0.012790128709562214
eat_eat__eat,28,output_videos/rdmeshdit/f/rdmesh/meshes/eat_eat.fbx,test_data/meshes/eat.fbx,10000,0.012692443036635718
eat_eat__eat,29,output_videos/rdmeshdit/f/rdmesh/meshes/eat_eat.fbx,test_data/meshes/eat.fbx,10000,0.012528972270495356
eat_eat__eat,30,output_videos/rdmeshdit/f/rdmesh/meshes/eat_eat.fbx,test_data/meshes/eat.fbx,10000,0.012551738070887917
eat_eat__eat,31,output_videos/rdmeshdit/f/rdmesh/meshes/eat_eat.fbx,test_data/meshes/eat.fbx,10000,0.012646880537967631
eat_eat__eat,32,output_videos/rdmeshdit/f/rdmesh/meshes/eat_eat.fbx,test_data/meshes/eat.fbx,10000,0.012701172771237858
eat_eat__eat,33,output_videos/rdmeshdit/f/rdmesh/meshes/eat_eat.fbx,test_data/meshes/eat.fbx,10000,0.012621932394540122
eat_eat__eat,34,output_videos/rdmeshdit/f/rdmesh/meshes/eat_eat.fbx,test_data/meshes/eat.fbx,10000,0.0126503232931772
eat_eat__eat,35,output_videos/rdmeshdit/f/rdmesh/meshes/eat_eat.fbx,test_data/meshes/eat.fbx,10000,0.01267378722187405
eat_eat__eat,36,output_videos/rdmeshdit/f/rdmesh/meshes/eat_eat.fbx,test_data/meshes/eat.fbx,10000,0.012851001636626986
eat_eat__eat,37,output_videos/rdmeshdit/f/rdmesh/meshes/eat_eat.fbx,test_data/meshes/eat.fbx,10000,0.012879601596671845
eat_eat__eat,38,output_videos/rdmeshdit/f/rdmesh/meshes/eat_eat.fbx,test_data/meshes/eat.fbx,10000,0.012903318362903224
eat_eat__eat,39,output_videos/rdmeshdit/f/rdmesh/meshes/eat_eat.fbx,test_data/meshes/eat.fbx,10000,0.013084173380167251
eat_eat__eat,40,output_videos/rdmeshdit/f/rdmesh/meshes/eat_eat.fbx,test_data/meshes/eat.fbx,10000,0.013061020501843015
eat_eat__eat,41,output_videos/rdmeshdit/f/rdmesh/meshes/eat_eat.fbx,test_data/meshes/eat.fbx,10000,0.01294672977801527
eat_eat__eat,42,output_videos/rdmeshdit/f/rdmesh/meshes/eat_eat.fbx,test_data/meshes/eat.fbx,10000,0.013117258386875923
eat_eat__eat,43,output_videos/rdmeshdit/f/rdmesh/meshes/eat_eat.fbx,test_data/meshes/eat.fbx,10000,0.012908352753869364
eat_eat__eat,44,output_videos/rdmeshdit/f/rdmesh/meshes/eat_eat.fbx,test_data/meshes/eat.fbx,10000,0.012929442018553478
eat_eat__eat,45,output_videos/rdmeshdit/f/rdmesh/meshes/eat_eat.fbx,test_data/meshes/eat.fbx,10000,0.013149519279621758
eat_eat__eat,46,output_videos/rdmeshdit/f/rdmesh/meshes/eat_eat.fbx,test_data/meshes/eat.fbx,10000,0.013113410307013757
eat_eat__eat,47,output_videos/rdmeshdit/f/rdmesh/meshes/eat_eat.fbx,test_data/meshes/eat.fbx,10000,0.013029596659795032
eat_eat__eat,48,output_videos/rdmeshdit/f/rdmesh/meshes/eat_eat.fbx,test_data/meshes/eat.fbx,10000,0.013062723979923196
eat_eat__eat,49,output_videos/rdmeshdit/f/rdmesh/meshes/eat_eat.fbx,test_data/meshes/eat.fbx,10000,0.012992086993069231
eat_eat__eat,50,output_videos/rdmeshdit/f/rdmesh/meshes/eat_eat.fbx,test_data/meshes/eat.fbx,10000,0.013057026209164928
eat_eat__eat,51,output_videos/rdmeshdit/f/rdmesh/meshes/eat_eat.fbx,test_data/meshes/eat.fbx,10000,0.01299615279509005
eat_eat__eat,52,output_videos/rdmeshdit/f/rdmesh/meshes/eat_eat.fbx,test_data/meshes/eat.fbx,10000,0.013010732231133037
eat_eat__eat,53,output_videos/rdmeshdit/f/rdmesh/meshes/eat_eat.fbx,test_data/meshes/eat.fbx,10000,0.012869734318427042
eat_eat__eat,54,output_videos/rdmeshdit/f/rdmesh/meshes/eat_eat.fbx,test_data/meshes/eat.fbx,10000,0.013049096374469764
eat_eat__eat,55,output_videos/rdmeshdit/f/rdmesh/meshes/eat_eat.fbx,test_data/meshes/eat.fbx,10000,0.0131788593305209
eat_eat__eat,56,output_videos/rdmeshdit/f/rdmesh/meshes/eat_eat.fbx,test_data/meshes/eat.fbx,10000,0.01304636070556232
eat_eat__eat,57,output_videos/rdmeshdit/f/rdmesh/meshes/eat_eat.fbx,test_data/meshes/eat.fbx,10000,0.01294519707550101
eat_eat__eat,58,output_videos/rdmeshdit/f/rdmesh/meshes/eat_eat.fbx,test_data/meshes/eat.fbx,10000,0.013257548337561896
eat_eat__eat,59,output_videos/rdmeshdit/f/rdmesh/meshes/eat_eat.fbx,test_data/meshes/eat.fbx,10000,0.012955500660549766
eat_eat__eat,60,output_videos/rdmeshdit/f/rdmesh/meshes/eat_eat.fbx,test_data/meshes/eat.fbx,10000,0.013033032845563947
eat_eat__eat,61,output_videos/rdmeshdit/f/rdmesh/meshes/eat_eat.fbx,test_data/meshes/eat.fbx,10000,0.012894812643348495
eat_eat__eat,62,output_videos/rdmeshdit/f/rdmesh/meshes/eat_eat.fbx,test_data/meshes/eat.fbx,10000,0.012825666521993895
eat_eat__eat,63,output_videos/rdmeshdit/f/rdmesh/meshes/eat_eat.fbx,test_data/meshes/eat.fbx,10000,0.01291208148794484
eat_eat__eat,64,output_videos/rdmeshdit/f/rdmesh/meshes/eat_eat.fbx,test_data/meshes/eat.fbx,10000,0.012778718626485384
eat_eat__eat,65,output_videos/rdmeshdit/f/rdmesh/meshes/eat_eat.fbx,test_data/meshes/eat.fbx,10000,0.012871360702714899
eat_eat__eat,66,output_videos/rdmeshdit/f/rdmesh/meshes/eat_eat.fbx,test_data/meshes/eat.fbx,10000,0.012976950184177435
eat_eat__eat,67,output_videos/rdmeshdit/f/rdmesh/meshes/eat_eat.fbx,test_data/meshes/eat.fbx,10000,0.013169146348626853
eat_eat__eat,68,output_videos/rdmeshdit/f/rdmesh/meshes/eat_eat.fbx,test_data/meshes/eat.fbx,10000,0.013151872633180978
eat_eat__eat,69,output_videos/rdmeshdit/f/rdmesh/meshes/eat_eat.fbx,test_data/meshes/eat.fbx,10000,0.013175830084478993
eat_eat__eat,70,output_videos/rdmeshdit/f/rdmesh/meshes/eat_eat.fbx,test_data/meshes/eat.fbx,10000,0.01307995548834771
eat_eat__eat,71,output_videos/rdmeshdit/f/rdmesh/meshes/eat_eat.fbx,test_data/meshes/eat.fbx,10000,0.013231509925824031
eat_eat__eat,72,output_videos/rdmeshdit/f/rdmesh/meshes/eat_eat.fbx,test_data/meshes/eat.fbx,10000,0.013060851527349607
eat_eat__eat,73,output_videos/rdmeshdit/f/rdmesh/meshes/eat_eat.fbx,test_data/meshes/eat.fbx,10000,0.013059500337004343
eat_eat__eat,74,output_videos/rdmeshdit/f/rdmesh/meshes/eat_eat.fbx,test_data/meshes/eat.fbx,10000,0.013083967686727652
eat_eat__eat,75,output_videos/rdmeshdit/f/rdmesh/meshes/eat_eat.fbx,test_data/meshes/eat.fbx,10000,0.01307086507762413
eat_eat__eat,76,output_videos/rdmeshdit/f/rdmesh/meshes/eat_eat.fbx,test_data/meshes/eat.fbx,10000,0.012990744587012729
eat_eat__eat,77,output_videos/rdmeshdit/f/rdmesh/meshes/eat_eat.fbx,test_data/meshes/eat.fbx,10000,0.013013146387427956
eat_eat__eat,78,output_videos/rdmeshdit/f/rdmesh/meshes/eat_eat.fbx,test_data/meshes/eat.fbx,10000,0.013088676507130676
eat_eat__eat,79,output_videos/rdmeshdit/f/rdmesh/meshes/eat_eat.fbx,test_data/meshes/eat.fbx,10000,0.013249163541964922
eat_eat__eat,80,output_videos/rdmeshdit/f/rdmesh/meshes/eat_eat.fbx,test_data/meshes/eat.fbx,10000,0.01334086933564695
eat_eat__eat,81,output_videos/rdmeshdit/f/rdmesh/meshes/eat_eat.fbx,test_data/meshes/eat.fbx,10000,0.013471535697211556
eat_eat__eat,82,output_videos/rdmeshdit/f/rdmesh/meshes/eat_eat.fbx,test_data/meshes/eat.fbx,10000,0.013846858884975013
eat_eat__eat,83,output_videos/rdmeshdit/f/rdmesh/meshes/eat_eat.fbx,test_data/meshes/eat.fbx,10000,0.014532656366180476
eat_eat__eat,84,output_videos/rdmeshdit/f/rdmesh/meshes/eat_eat.fbx,test_data/meshes/eat.fbx,10000,0.015373276734657396
eat_eat__eat,85,output_videos/rdmeshdit/f/rdmesh/meshes/eat_eat.fbx,test_data/meshes/eat.fbx,10000,0.016058563533599697
eat_eat__eat,86,output_videos/rdmeshdit/f/rdmesh/meshes/eat_eat.fbx,test_data/meshes/eat.fbx,10000,0.016884198416420644
eat_eat__eat,87,output_videos/rdmeshdit/f/rdmesh/meshes/eat_eat.fbx,test_data/meshes/eat.fbx,10000,0.017727391861921765
eat_eat__eat,88,output_videos/rdmeshdit/f/rdmesh/meshes/eat_eat.fbx,test_data/meshes/eat.fbx,10000,0.01885704699506527
eat_eat__eat,89,output_videos/rdmeshdit/f/rdmesh/meshes/eat_eat.fbx,test_data/meshes/eat.fbx,10000,0.019708484795034197
eat_eat__eat,90,output_videos/rdmeshdit/f/rdmesh/meshes/eat_eat.fbx,test_data/meshes/eat.fbx,10000,0.02028777158659912
eat_eat__eat,91,output_videos/rdmeshdit/f/rdmesh/meshes/eat_eat.fbx,test_data/meshes/eat.fbx,10000,0.020646195809054958
eat_eat__eat,92,output_videos/rdmeshdit/f/rdmesh/meshes/eat_eat.fbx,test_data/meshes/eat.fbx,10000,0.020805231330124255
eat_eat__eat,93,output_videos/rdmeshdit/f/rdmesh/meshes/eat_eat.fbx,test_data/meshes/eat.fbx,10000,0.021201008607226176
eat_eat__eat,94,output_videos/rdmeshdit/f/rdmesh/meshes/eat_eat.fbx,test_data/meshes/eat.fbx,10000,0.02124708838322608
eat_eat__eat,95,output_videos/rdmeshdit/f/rdmesh/meshes/eat_eat.fbx,test_data/meshes/eat.fbx,10000,0.021643280181603344
eat_eat__eat,96,output_videos/rdmeshdit/f/rdmesh/meshes/eat_eat.fbx,test_data/meshes/eat.fbx,10000,0.02159661399642509
eat_eat__eat,97,output_videos/rdmeshdit/f/rdmesh/meshes/eat_eat.fbx,test_data/meshes/eat.fbx,10000,0.021364627907203664
eat_eat__eat,98,output_videos/rdmeshdit/f/rdmesh/meshes/eat_eat.fbx,test_data/meshes/eat.fbx,10000,0.021748078017402826
eat_eat__eat,99,output_videos/rdmeshdit/f/rdmesh/meshes/eat_eat.fbx,test_data/meshes/eat.fbx,10000,0.021548680363531563
eat_eat__eat,100,output_videos/rdmeshdit/f/rdmesh/meshes/eat_eat.fbx,test_data/meshes/eat.fbx,10000,0.021278599267192014
eat_eat__eat,101,output_videos/rdmeshdit/f/rdmesh/meshes/eat_eat.fbx,test_data/meshes/eat.fbx,10000,0.02110277147075848
eat_eat__eat,102,output_videos/rdmeshdit/f/rdmesh/meshes/eat_eat.fbx,test_data/meshes/eat.fbx,10000,0.020777150099860524
eat_eat__eat,103,output_videos/rdmeshdit/f/rdmesh/meshes/eat_eat.fbx,test_data/meshes/eat.fbx,10000,0.02004350039206043
eat_eat__eat,104,output_videos/rdmeshdit/f/rdmesh/meshes/eat_eat.fbx,test_data/meshes/eat.fbx,10000,0.019575065824120188
eat_eat__eat,105,output_videos/rdmeshdit/f/rdmesh/meshes/eat_eat.fbx,test_data/meshes/eat.fbx,10000,0.018232670009759026
eat_eat__eat,106,output_videos/rdmeshdit/f/rdmesh/meshes/eat_eat.fbx,test_data/meshes/eat.fbx,10000,0.01743474085131287
eat_eat__eat,107,output_videos/rdmeshdit/f/rdmesh/meshes/eat_eat.fbx,test_data/meshes/eat.fbx,10000,0.016440079411943233
eat_eat__eat,108,output_videos/rdmeshdit/f/rdmesh/meshes/eat_eat.fbx,test_data/meshes/eat.fbx,10000,0.015726734139279688
eat_eat__eat,109,output_videos/rdmeshdit/f/rdmesh/meshes/eat_eat.fbx,test_data/meshes/eat.fbx,10000,0.015012840858207456
eat_eat__eat,110,output_videos/rdmeshdit/f/rdmesh/meshes/eat_eat.fbx,test_data/meshes/eat.fbx,10000,0.014351268585231586
eat_eat__eat,111,output_videos/rdmeshdit/f/rdmesh/meshes/eat_eat.fbx,test_data/meshes/eat.fbx,10000,0.01439840029622124
eat_eat__eat,112,output_videos/rdmeshdit/f/rdmesh/meshes/eat_eat.fbx,test_data/meshes/eat.fbx,10000,0.013853859679936704
eat_eat__eat,113,output_videos/rdmeshdit/f/rdmesh/meshes/eat_eat.fbx,test_data/meshes/eat.fbx,10000,0.013789208425980304
eat_eat__eat,114,output_videos/rdmeshdit/f/rdmesh/meshes/eat_eat.fbx,test_data/meshes/eat.fbx,10000,0.013500622364254387
eat_eat__eat,115,output_videos/rdmeshdit/f/rdmesh/meshes/eat_eat.fbx,test_data/meshes/eat.fbx,10000,0.013299357159334177
eat_eat__eat,116,output_videos/rdmeshdit/f/rdmesh/meshes/eat_eat.fbx,test_data/meshes/eat.fbx,10000,0.013320986940607883
eat_eat__eat,117,output_videos/rdmeshdit/f/rdmesh/meshes/eat_eat.fbx,test_data/meshes/eat.fbx,10000,0.013364311582440582
eat_eat__eat,118,output_videos/rdmeshdit/f/rdmesh/meshes/eat_eat.fbx,test_data/meshes/eat.fbx,10000,0.013341352887820693
eat_eat__eat,119,output_videos/rdmeshdit/f/rdmesh/meshes/eat_eat.fbx,test_data/meshes/eat.fbx,10000,0.013336030216552396
eat_eat__eat,120,output_videos/rdmeshdit/f/rdmesh/meshes/eat_eat.fbx,test_data/meshes/eat.fbx,10000,0.013270362819682625
eat_eat__eat,121,output_videos/rdmeshdit/f/rdmesh/meshes/eat_eat.fbx,test_data/meshes/eat.fbx,10000,0.013441270493571088
eat_eat__eat,122,output_videos/rdmeshdit/f/rdmesh/meshes/eat_eat.fbx,test_data/meshes/eat.fbx,10000,0.013559448165962114
eat_eat__eat,123,output_videos/rdmeshdit/f/rdmesh/meshes/eat_eat.fbx,test_data/meshes/eat.fbx,10000,0.013535601911334261
eat_eat__eat,124,output_videos/rdmeshdit/f/rdmesh/meshes/eat_eat.fbx,test_data/meshes/eat.fbx,10000,0.013588841057961088
eat_eat__eat,125,output_videos/rdmeshdit/f/rdmesh/meshes/eat_eat.fbx,test_data/meshes/eat.fbx,10000,0.013808464458564724
eat_eat__eat,126,output_videos/rdmeshdit/f/rdmesh/meshes/eat_eat.fbx,test_data/meshes/eat.fbx,10000,0.013575779511328866
eat_eat__eat,127,output_videos/rdmeshdit/f/rdmesh/meshes/eat_eat.fbx,test_data/meshes/eat.fbx,10000,0.013355605514429249
eat_eat__eat,128,output_videos/rdmeshdit/f/rdmesh/meshes/eat_eat.fbx,test_data/meshes/eat.fbx,10000,0.013299666141073346
eat_eat__eat,129,output_videos/rdmeshdit/f/rdmesh/meshes/eat_eat.fbx,test_data/meshes/eat.fbx,10000,0.01332033592089403
eat_eat__eat,130,output_videos/rdmeshdit/f/rdmesh/meshes/eat_eat.fbx,test_data/meshes/eat.fbx,10000,0.01358736436909572
eat_eat__eat,131,output_videos/rdmeshdit/f/rdmesh/meshes/eat_eat.fbx,test_data/meshes/eat.fbx,10000,0.013441438294674028
eat_eat__eat,132,output_videos/rdmeshdit/f/rdmesh/meshes/eat_eat.fbx,test_data/meshes/eat.fbx,10000,0.013866146511296836
eat_eat__eat,133,output_videos/rdmeshdit/f/rdmesh/meshes/eat_eat.fbx,test_data/meshes/eat.fbx,10000,0.01365564888878136
eat_eat__eat,134,output_videos/rdmeshdit/f/rdmesh/meshes/eat_eat.fbx,test_data/meshes/eat.fbx,10000,0.013631277011319644
eat_eat__eat,135,output_videos/rdmeshdit/f/rdmesh/meshes/eat_eat.fbx,test_data/meshes/eat.fbx,10000,0.013984342845968716
eat_eat__eat,136,output_videos/rdmeshdit/f/rdmesh/meshes/eat_eat.fbx,test_data/meshes/eat.fbx,10000,0.013729988463977558
eat_eat__eat,137,output_videos/rdmeshdit/f/rdmesh/meshes/eat_eat.fbx,test_data/meshes/eat.fbx,10000,0.013835803598638008
eat_eat__eat,138,output_videos/rdmeshdit/f/rdmesh/meshes/eat_eat.fbx,test_data/meshes/eat.fbx,10000,0.013782118987946729
eat_eat__eat,139,output_videos/rdmeshdit/f/rdmesh/meshes/eat_eat.fbx,test_data/meshes/eat.fbx,10000,0.014104492926291266
eat_eat__eat,140,output_videos/rdmeshdit/f/rdmesh/meshes/eat_eat.fbx,test_data/meshes/eat.fbx,10000,0.014154126276644512
eat_eat__eat,141,output_videos/rdmeshdit/f/rdmesh/meshes/eat_eat.fbx,test_data/meshes/eat.fbx,10000,0.013933138685347603
eat_eat__eat,142,output_videos/rdmeshdit/f/rdmesh/meshes/eat_eat.fbx,test_data/meshes/eat.fbx,10000,0.014161240133996427
eat_eat__eat,143,output_videos/rdmeshdit/f/rdmesh/meshes/eat_eat.fbx,test_data/meshes/eat.fbx,10000,0.014154771111988287
eat_eat__eat,144,output_videos/rdmeshdit/f/rdmesh/meshes/eat_eat.fbx,test_data/meshes/eat.fbx,10000,0.014493460330199432
eat_eat__eat,145,output_videos/rdmeshdit/f/rdmesh/meshes/eat_eat.fbx,test_data/meshes/eat.fbx,10000,0.014421100468208974
eat_eat__eat,146,output_videos/rdmeshdit/f/rdmesh/meshes/eat_eat.fbx,test_data/meshes/eat.fbx,10000,0.014305794414509791
eat_eat__eat,147,output_videos/rdmeshdit/f/rdmesh/meshes/eat_eat.fbx,test_data/meshes/eat.fbx,10000,0.014519862314311708
eat_eat__eat,148,output_videos/rdmeshdit/f/rdmesh/meshes/eat_eat.fbx,test_data/meshes/eat.fbx,10000,0.014670319874254076
eat_eat__eat,149,output_videos/rdmeshdit/f/rdmesh/meshes/eat_eat.fbx,test_data/meshes/eat.fbx,10000,0.014749054242365344
eat_eat__eat,150,output_videos/rdmeshdit/f/rdmesh/meshes/eat_eat.fbx,test_data/meshes/eat.fbx,10000,0.01459761150526873
eat_eat__eat,151,output_videos/rdmeshdit/f/rdmesh/meshes/eat_eat.fbx,test_data/meshes/eat.fbx,10000,0.01483949885212306
eat_eat__eat,152,output_videos/rdmeshdit/f/rdmesh/meshes/eat_eat.fbx,test_data/meshes/eat.fbx,10000,0.014899414643847293
eat_eat__eat,153,output_videos/rdmeshdit/f/rdmesh/meshes/eat_eat.fbx,test_data/meshes/eat.fbx,10000,0.014711172213003578
eat_eat__eat,154,output_videos/rdmeshdit/f/rdmesh/meshes/eat_eat.fbx,test_data/meshes/eat.fbx,10000,0.014529175466035474
eat_eat__eat,155,output_videos/rdmeshdit/f/rdmesh/meshes/eat_eat.fbx,test_data/meshes/eat.fbx,10000,0.014535777889513761
eat_eat__eat,156,output_videos/rdmeshdit/f/rdmesh/meshes/eat_eat.fbx,test_data/meshes/eat.fbx,10000,0.014408189316308936
eat_eat__eat,157,output_videos/rdmeshdit/f/rdmesh/meshes/eat_eat.fbx,test_data/meshes/eat.fbx,10000,0.014561990872171483
eat_eat__eat,158,output_videos/rdmeshdit/f/rdmesh/meshes/eat_eat.fbx,test_data/meshes/eat.fbx,10000,0.01429101629313417
eat_eat__eat,159,output_videos/rdmeshdit/f/rdmesh/meshes/eat_eat.fbx,test_data/meshes/eat.fbx,10000,0.01443757042674813
eat_eat__eat,160,output_videos/rdmeshdit/f/rdmesh/meshes/eat_eat.fbx,test_data/meshes/eat.fbx,10000,0.01428349255734024
eat_eat__eat,161,output_videos/rdmeshdit/f/rdmesh/meshes/eat_eat.fbx,test_data/meshes/eat.fbx,10000,0.014257861699645885
eat_eat__eat,162,output_videos/rdmeshdit/f/rdmesh/meshes/eat_eat.fbx,test_data/meshes/eat.fbx,10000,0.014031824632190718
eat_eat__eat,163,output_videos/rdmeshdit/f/rdmesh/meshes/eat_eat.fbx,test_data/meshes/eat.fbx,10000,0.014364609709685805
eat_eat__eat,164,output_videos/rdmeshdit/f/rdmesh/meshes/eat_eat.fbx,test_data/meshes/eat.fbx,10000,0.0139815615404623
eat_eat__eat,165,output_videos/rdmeshdit/f/rdmesh/meshes/eat_eat.fbx,test_data/meshes/eat.fbx,10000,0.01386398485032022
eat_eat__eat,166,output_videos/rdmeshdit/f/rdmesh/meshes/eat_eat.fbx,test_data/meshes/eat.fbx,10000,0.013763385223818949
eat_eat__eat,167,output_videos/rdmeshdit/f/rdmesh/meshes/eat_eat.fbx,test_data/meshes/eat.fbx,10000,0.013910575266506416
eat_eat__eat,168,output_videos/rdmeshdit/f/rdmesh/meshes/eat_eat.fbx,test_data/meshes/eat.fbx,10000,0.013665024823481788
eat_eat__eat,169,output_videos/rdmeshdit/f/rdmesh/meshes/eat_eat.fbx,test_data/meshes/eat.fbx,10000,0.013613511885682175
eat_eat__eat,170,output_videos/rdmeshdit/f/rdmesh/meshes/eat_eat.fbx,test_data/meshes/eat.fbx,10000,0.013500178943136279
eat_eat__eat,171,output_videos/rdmeshdit/f/rdmesh/meshes/eat_eat.fbx,test_data/meshes/eat.fbx,10000,0.013571212059152533
eat_eat__eat,172,output_videos/rdmeshdit/f/rdmesh/meshes/eat_eat.fbx,test_data/meshes/eat.fbx,10000,0.013450684798761924
eat_eat__eat,173,output_videos/rdmeshdit/f/rdmesh/meshes/eat_eat.fbx,test_data/meshes/eat.fbx,10000,0.013479752503300371
eat_eat__eat,174,output_videos/rdmeshdit/f/rdmesh/meshes/eat_eat.fbx,test_data/meshes/eat.fbx,10000,0.013425932872446443
eat_eat__eat,175,output_videos/rdmeshdit/f/rdmesh/meshes/eat_eat.fbx,test_data/meshes/eat.fbx,10000,0.013557561400957966
eat_eat__eat,176,output_videos/rdmeshdit/f/rdmesh/meshes/eat_eat.fbx,test_data/meshes/eat.fbx,10000,0.01358151359105883
eat_eat__eat,177,output_videos/rdmeshdit/f/rdmesh/meshes/eat_eat.fbx,test_data/meshes/eat.fbx,10000,0.013618290069732884
eat_eat__eat,178,output_videos/rdmeshdit/f/rdmesh/meshes/eat_eat.fbx,test_data/meshes/eat.fbx,10000,0.013467001662530155
eat_eat__eat,179,output_videos/rdmeshdit/f/rdmesh/meshes/eat_eat.fbx,test_data/meshes/eat.fbx,10000,0.013546579085080057
eat_eat__eat,180,output_videos/rdmeshdit/f/rdmesh/meshes/eat_eat.fbx,test_data/meshes/eat.fbx,10000,0.013590043835182673
eat_eat__eat,181,output_videos/rdmeshdit/f/rdmesh/meshes/eat_eat.fbx,test_data/meshes/eat.fbx,10000,0.013480902369874023
eat_eat__eat,182,output_videos/rdmeshdit/f/rdmesh/meshes/eat_eat.fbx,test_data/meshes/eat.fbx,10000,0.013502042413948239
eat_eat__eat,183,output_videos/rdmeshdit/f/rdmesh/meshes/eat_eat.fbx,test_data/meshes/eat.fbx,10000,0.01352467999757974
eat_eat__eat,184,output_videos/rdmeshdit/f/rdmesh/meshes/eat_eat.fbx,test_data/meshes/eat.fbx,10000,0.013573469642796853
eat_eat__eat,185,output_videos/rdmeshdit/f/rdmesh/meshes/eat_eat.fbx,test_data/meshes/eat.fbx,10000,0.013669744662093055
eat_eat__eat,186,output_videos/rdmeshdit/f/rdmesh/meshes/eat_eat.fbx,test_data/meshes/eat.fbx,10000,0.013590332115360869
eat_eat__eat,187,output_videos/rdmeshdit/f/rdmesh/meshes/eat_eat.fbx,test_data/meshes/eat.fbx,10000,0.013483627487494418
eat_eat__eat,188,output_videos/rdmeshdit/f/rdmesh/meshes/eat_eat.fbx,test_data/meshes/eat.fbx,10000,0.013468257030004037
eat_eat__eat,189,output_videos/rdmeshdit/f/rdmesh/meshes/eat_eat.fbx,test_data/meshes/eat.fbx,10000,0.013451015600554225
eat_eat__eat,190,output_videos/rdmeshdit/f/rdmesh/meshes/eat_eat.fbx,test_data/meshes/eat.fbx,10000,0.013559175729749389
eat_eat__eat,191,output_videos/rdmeshdit/f/rdmesh/meshes/eat_eat.fbx,test_data/meshes/eat.fbx,10000,0.013649956520790513
eat_eat__eat,192,output_videos/rdmeshdit/f/rdmesh/meshes/eat_eat.fbx,test_data/meshes/eat.fbx,10000,0.013708232642441882
eat_eat__eat,193,output_videos/rdmeshdit/f/rdmesh/meshes/eat_eat.fbx,test_data/meshes/eat.fbx,10000,0.013537717054554185
eat_eat__eat,194,output_videos/rdmeshdit/f/rdmesh/meshes/eat_eat.fbx,test_data/meshes/eat.fbx,10000,0.01363408153892006
eat_eat__eat,195,output_videos/rdmeshdit/f/rdmesh/meshes/eat_eat.fbx,test_data/meshes/eat.fbx,10000,0.013410556824882305
eat_eat__eat,196,output_videos/rdmeshdit/f/rdmesh/meshes/eat_eat.fbx,test_data/meshes/eat.fbx,10000,0.013537367948286243
eat_eat__eat,197,output_videos/rdmeshdit/f/rdmesh/meshes/eat_eat.fbx,test_data/meshes/eat.fbx,10000,0.0135480942005177
eat_eat__eat,198,output_videos/rdmeshdit/f/rdmesh/meshes/eat_eat.fbx,test_data/meshes/eat.fbx,10000,0.013548832152605944
eat_eat__eat,199,output_videos/rdmeshdit/f/rdmesh/meshes/eat_eat.fbx,test_data/meshes/eat.fbx,10000,0.013540312531489379
eat_eat__eat,200,output_videos/rdmeshdit/f/rdmesh/meshes/eat_eat.fbx,test_data/meshes/eat.fbx,10000,0.013321033411142023
eat_eat__eat,201,output_videos/rdmeshdit/f/rdmesh/meshes/eat_eat.fbx,test_data/meshes/eat.fbx,10000,0.013555356545961732
eat_eat__eat,202,output_videos/rdmeshdit/f/rdmesh/meshes/eat_eat.fbx,test_data/meshes/eat.fbx,10000,0.013659330966223621
eat_eat__eat,203,output_videos/rdmeshdit/f/rdmesh/meshes/eat_eat.fbx,test_data/meshes/eat.fbx,10000,0.013610291455454813
eat_eat__eat,204,output_videos/rdmeshdit/f/rdmesh/meshes/eat_eat.fbx,test_data/meshes/eat.fbx,10000,0.013439452796709404
eat_eat__eat,205,output_videos/rdmeshdit/f/rdmesh/meshes/eat_eat.fbx,test_data/meshes/eat.fbx,10000,0.013486064688638368
eat_eat__eat,206,output_videos/rdmeshdit/f/rdmesh/meshes/eat_eat.fbx,test_data/meshes/eat.fbx,10000,0.013385948626025625
eat_eat__eat,207,output_videos/rdmeshdit/f/rdmesh/meshes/eat_eat.fbx,test_data/meshes/eat.fbx,10000,0.013523055045336666
eat_eat__eat,208,output_videos/rdmeshdit/f/rdmesh/meshes/eat_eat.fbx,test_data/meshes/eat.fbx,10000,0.01368390941979989
eat_eat__eat,209,output_videos/rdmeshdit/f/rdmesh/meshes/eat_eat.fbx,test_data/meshes/eat.fbx,10000,0.013638238237440039
eat_eat__eat,210,output_videos/rdmeshdit/f/rdmesh/meshes/eat_eat.fbx,test_data/meshes/eat.fbx,10000,0.01356750704254273
eat_eat__eat,211,output_videos/rdmeshdit/f/rdmesh/meshes/eat_eat.fbx,test_data/meshes/eat.fbx,10000,0.01354596493948133
eat_eat__eat,212,output_videos/rdmeshdit/f/rdmesh/meshes/eat_eat.fbx,test_data/meshes/eat.fbx,10000,0.013584359180585388
eat_eat__eat,213,output_videos/rdmeshdit/f/rdmesh/meshes/eat_eat.fbx,test_data/meshes/eat.fbx,10000,0.013332479710292909
eat_eat__eat,214,output_videos/rdmeshdit/f/rdmesh/meshes/eat_eat.fbx,test_data/meshes/eat.fbx,10000,0.013542656064840473
eat_eat__eat,215,output_videos/rdmeshdit/f/rdmesh/meshes/eat_eat.fbx,test_data/meshes/eat.fbx,10000,0.013503619078253638
eat_eat__eat,216,output_videos/rdmeshdit/f/rdmesh/meshes/eat_eat.fbx,test_data/meshes/eat.fbx,10000,0.013679237423163178
eat_eat__eat,217,output_videos/rdmeshdit/f/rdmesh/meshes/eat_eat.fbx,test_data/meshes/eat.fbx,10000,0.013349337778613406
eat_eat__eat,218,output_videos/rdmeshdit/f/rdmesh/meshes/eat_eat.fbx,test_data/meshes/eat.fbx,10000,0.013413444900402622
eat_eat__eat,219,output_videos/rdmeshdit/f/rdmesh/meshes/eat_eat.fbx,test_data/meshes/eat.fbx,10000,0.013471126610381426
eat_eat__eat,220,output_videos/rdmeshdit/f/rdmesh/meshes/eat_eat.fbx,test_data/meshes/eat.fbx,10000,0.01351423594618319
eat_eat__eat,221,output_videos/rdmeshdit/f/rdmesh/meshes/eat_eat.fbx,test_data/meshes/eat.fbx,10000,0.01354041508006142
eat_eat__eat,222,output_videos/rdmeshdit/f/rdmesh/meshes/eat_eat.fbx,test_data/meshes/eat.fbx,10000,0.013688664669423
eat_eat__eat,223,output_videos/rdmeshdit/f/rdmesh/meshes/eat_eat.fbx,test_data/meshes/eat.fbx,10000,0.0134058074144861
eat_eat__eat,224,output_videos/rdmeshdit/f/rdmesh/meshes/eat_eat.fbx,test_data/meshes/eat.fbx,10000,0.013558939122536607
eat_eat__eat,225,output_videos/rdmeshdit/f/rdmesh/meshes/eat_eat.fbx,test_data/meshes/eat.fbx,10000,0.013458865859952974
eat_eat__eat,226,output_videos/rdmeshdit/f/rdmesh/meshes/eat_eat.fbx,test_data/meshes/eat.fbx,10000,0.013551083104982542
eat_eat__eat,227,output_videos/rdmeshdit/f/rdmesh/meshes/eat_eat.fbx,test_data/meshes/eat.fbx,10000,0.013545147786770953
eat_eat__eat,228,output_videos/rdmeshdit/f/rdmesh/meshes/eat_eat.fbx,test_data/meshes/eat.fbx,10000,0.013592883618665424
eat_eat__eat,229,output_videos/rdmeshdit/f/rdmesh/meshes/eat_eat.fbx,test_data/meshes/eat.fbx,10000,0.013460503097900976
eat_eat__eat,230,output_videos/rdmeshdit/f/rdmesh/meshes/eat_eat.fbx,test_data/meshes/eat.fbx,10000,0.013563655681212594
eat_eat__eat,231,output_videos/rdmeshdit/f/rdmesh/meshes/eat_eat.fbx,test_data/meshes/eat.fbx,10000,0.013467692623818832
eat_eat__eat,232,output_videos/rdmeshdit/f/rdmesh/meshes/eat_eat.fbx,test_data/meshes/eat.fbx,10000,0.013516501546311427
eat_eat__eat,233,output_videos/rdmeshdit/f/rdmesh/meshes/eat_eat.fbx,test_data/meshes/eat.fbx,10000,0.013420156869177021
eat_eat__eat,234,output_videos/rdmeshdit/f/rdmesh/meshes/eat_eat.fbx,test_data/meshes/eat.fbx,10000,0.013549996792428458
eat_eat__eat,235,output_videos/rdmeshdit/f/rdmesh/meshes/eat_eat.fbx,test_data/meshes/eat.fbx,10000,0.01356811793578828
eat_eat__eat,236,output_videos/rdmeshdit/f/rdmesh/meshes/eat_eat.fbx,test_data/meshes/eat.fbx,10000,0.013592218998800686
eat_eat__eat,237,output_videos/rdmeshdit/f/rdmesh/meshes/eat_eat.fbx,test_data/meshes/eat.fbx,10000,0.013806782827239902
eat_eat__eat,238,output_videos/rdmeshdit/f/rdmesh/meshes/eat_eat.fbx,test_data/meshes/eat.fbx,10000,0.013590954786885108
eat_eat__eat,239,output_videos/rdmeshdit/f/rdmesh/meshes/eat_eat.fbx,test_data/meshes/eat.fbx,10000,0.013527413211140283
eat_eat__eat,240,output_videos/rdmeshdit/f/rdmesh/meshes/eat_eat.fbx,test_data/meshes/eat.fbx,10000,0.013506627097984654
eat_eat__eat,241,output_videos/rdmeshdit/f/rdmesh/meshes/eat_eat.fbx,test_data/meshes/eat.fbx,10000,0.013461277826195035
eat_eat__eat,242,output_videos/rdmeshdit/f/rdmesh/meshes/eat_eat.fbx,test_data/meshes/eat.fbx,10000,0.013638663164984846
eat_eat__eat,243,output_videos/rdmeshdit/f/rdmesh/meshes/eat_eat.fbx,test_data/meshes/eat.fbx,10000,0.013254799382288874
eat_eat__eat,244,output_videos/rdmeshdit/f/rdmesh/meshes/eat_eat.fbx,test_data/meshes/eat.fbx,10000,0.013440363803597345
eat_eat__eat,245,output_videos/rdmeshdit/f/rdmesh/meshes/eat_eat.fbx,test_data/meshes/eat.fbx,10000,0.013596566431483168
eat_eat__eat,246,output_videos/rdmeshdit/f/rdmesh/meshes/eat_eat.fbx,test_data/meshes/eat.fbx,10000,0.013474947892382304
eat_eat__eat,247,output_videos/rdmeshdit/f/rdmesh/meshes/eat_eat.fbx,test_data/meshes/eat.fbx,10000,0.013655254961680609
eat_eat__eat,248,output_videos/rdmeshdit/f/rdmesh/meshes/eat_eat.fbx,test_data/meshes/eat.fbx,10000,0.013613365309518666
eat_eat__eat,249,output_videos/rdmeshdit/f/rdmesh/meshes/eat_eat.fbx,test_data/meshes/eat.fbx,10000,0.013667716954563786
